,gender,A,B,C,D,E,education,lunch,preparation,score
0,1,0,1,0,0,0,3,1,0,218
1,1,0,0,1,0,0,3,1,0,247
2,1,0,1,0,0,0,4,1,0,278
3,0,1,0,0,0,0,2,0,0,148
4,0,0,0,1,0,0,3,1,0,229
5,1,0,1,0,0,0,2,1,0,232
6,1,0,1,0,0,0,3,1,0,275
7,0,0,1,0,0,0,3,0,0,122
8,0,0,0,0,1,0,1,0,0,195
9,1,0,1,0,0,0,1,0,0,148
10,0,0,0,1,0,0,2,1,0,164
11,0,0,0,0,1,0,2,1,0,135
12,1,0,1,0,0,0,1,1,0,219
13,0,1,0,0,0,0,3,1,0,220
14,1,1,0,0,0,0,4,1,0,161
15,1,0,0,1,0,0,1,1,0,222
16,0,0,0,1,0,0,1,1,0,263
17,1,0,1,0,0,0,1,0,0,78
18,0,0,0,1,0,0,4,0,0,134
19,1,0,0,1,0,0,2,0,0,173
20,0,0,0,0,1,0,1,1,0,198
21,1,0,1,0,0,0,3,0,0,210
22,0,0,0,0,1,0,3,1,0,151
23,1,0,0,1,0,0,1,1,0,215
24,0,0,0,0,1,0,3,0,0,225
25,0,1,0,0,0,0,4,0,0,219
26,0,0,1,0,0,0,3,1,0,178
27,1,0,0,1,0,0,3,1,0,211
28,0,0,0,1,0,0,1,1,0,205
29,1,0,0,0,1,0,4,1,0,207
30,1,0,0,0,1,0,3,1,0,217
31,1,0,1,0,0,0,3,1,0,189
32,1,0,0,0,0,1,4,0,0,193
33,0,0,0,0,1,0,3,1,0,120
34,0,0,0,0,0,1,3,1,0,266
35,0,0,0,0,0,1,2,1,0,241
36,1,0,0,0,1,0,2,1,0,238
37,1,0,0,0,1,0,1,0,0,173
38,1,0,0,0,1,0,2,0,0,253
39,0,0,1,0,0,0,2,0,0,170
40,0,0,0,1,0,0,2,0,0,170
41,1,0,0,1,0,0,2,1,0,199
42,1,0,1,0,0,0,2,1,0,176
43,0,0,1,0,0,0,3,0,0,190
44,1,0,0,0,0,1,2,0,0,160
45,0,0,1,0,0,0,2,1,0,176
46,1,1,0,0,0,0,2,1,0,182
47,1,0,0,1,0,0,1,1,0,213
48,1,0,0,0,1,0,2,0,0,207
49,0,0,0,1,0,0,1,1,0,248
50,0,0,0,0,0,1,3,1,0,156
51,0,0,0,0,0,1,2,0,0,214
52,0,0,0,1,0,0,3,1,0,139
53,0,0,0,0,1,0,1,1,0,241
54,1,0,0,1,0,0,1,0,0,242
55,1,0,0,1,0,0,1,0,0,117
56,1,0,0,0,0,1,2,1,0,253
57,0,0,0,0,1,0,2,1,0,156
58,0,0,0,0,1,0,3,1,0,175
59,1,0,0,1,0,0,1,0,0,27
60,0,0,0,0,0,1,3,0,0,225
61,0,1,0,0,0,0,1,0,0,112
62,0,1,0,0,0,0,2,0,0,178
63,1,0,0,1,0,0,2,1,0,220
64,1,0,0,0,1,0,1,1,0,176
65,0,0,1,0,0,0,1,1,0,192
66,0,0,0,0,1,0,1,0,0,119
67,1,0,0,1,0,0,3,1,0,206
68,0,0,1,0,0,0,2,0,0,175
69,1,0,0,1,0,0,2,1,0,160
70,1,0,0,0,1,0,3,0,0,194
71,0,0,0,0,1,0,3,1,0,181
72,1,1,0,0,0,0,2,0,0,140
73,0,0,0,1,0,0,1,0,0,174
74,0,0,0,1,0,0,1,1,0,139
75,0,0,1,0,0,0,2,0,0,123
76,0,0,0,0,0,1,1,1,0,78
77,0,1,0,0,0,0,3,1,0,239
78,1,0,0,0,1,0,1,1,0,207
79,1,0,0,0,0,1,4,1,0,198
80,1,0,1,0,0,0,2,1,0,146
81,0,0,1,0,0,0,1,0,0,139
82,0,1,0,0,0,0,3,0,0,151
83,0,0,0,0,0,1,2,1,0,199
84,0,0,0,0,1,0,1,0,0,115
85,1,0,0,1,0,0,3,1,0,235
86,1,0,0,1,0,0,3,0,0,247
87,1,0,0,0,1,0,2,1,0,216
88,1,1,0,0,0,0,3,1,0,195
89,1,0,0,0,1,0,1,1,0,241
90,1,0,0,1,0,0,3,1,0,211
91,0,0,0,1,0,0,1,0,0,97
92,0,0,0,1,0,0,1,1,0,221
93,0,0,0,1,0,0,2,0,0,138
94,1,0,1,0,0,0,3,1,0,257
95,0,0,0,1,0,0,2,0,0,241
96,0,0,1,0,0,0,1,1,0,193
97,1,0,0,0,0,1,3,1,0,205
98,1,0,0,0,1,0,3,0,0,187
99,1,0,0,0,1,0,3,1,0,194
100,0,0,1,0,0,0,3,1,0,213
101,0,0,0,0,1,0,3,1,0,216
102,1,0,0,0,1,0,2,1,0,265
103,0,0,1,0,0,0,1,1,0,151
104,0,0,0,1,0,0,3,1,0,274
105,1,0,0,1,0,0,3,1,0,197
106,1,0,0,0,1,0,4,1,0,287
107,0,0,0,0,0,1,2,1,0,193
108,1,0,1,0,0,0,2,0,0,198
109,1,0,1,0,0,0,1,1,0,206
110,1,0,0,0,1,0,2,0,0,264
111,0,0,0,1,0,0,1,1,0,166
112,0,1,0,0,0,0,2,1,0,154
113,1,0,0,0,1,0,3,1,0,163
114,1,0,0,0,0,1,3,1,0,299
115,0,0,0,1,0,0,1,1,0,235
116,1,0,1,0,0,0,3,0,0,242
117,1,0,0,0,1,0,3,1,0,239
118,1,0,0,0,1,0,1,1,0,175
119,1,0,0,1,0,0,3,1,0,189
120,1,0,0,1,0,0,3,1,0,260
121,0,0,1,0,0,0,2,1,0,272
122,1,0,0,1,0,0,3,1,0,274
123,0,0,0,0,1,0,1,0,0,176
124,0,0,0,0,0,1,3,1,0,236
125,1,0,1,0,0,0,1,1,0,268
126,0,0,1,0,0,0,1,1,0,207
127,0,0,0,0,1,0,3,1,0,216
128,0,0,0,0,1,0,4,1,0,238
129,1,1,0,0,0,0,3,1,0,151
130,0,0,0,0,1,0,4,1,0,255
131,0,0,0,1,0,0,1,0,0,130
132,0,0,0,0,0,1,3,0,0,231
133,1,0,0,1,0,0,3,1,0,240
134,0,0,0,0,1,0,3,0,0,228
135,0,0,0,1,0,0,3,1,0,161
136,0,0,1,0,0,0,1,1,0,146
137,0,0,0,0,0,1,1,1,0,181
138,1,0,0,1,0,0,2,1,0,192
139,0,0,0,0,1,0,3,1,0,201
140,1,0,0,0,1,0,1,1,0,219
141,1,0,0,1,0,0,3,0,0,185
142,1,0,0,0,0,1,3,0,0,151
143,0,1,0,0,0,0,1,1,0,147
144,0,0,0,0,1,0,3,1,0,239
145,1,0,0,1,0,0,3,0,0,94
146,0,0,1,0,0,0,1,1,0,247
147,0,0,0,1,0,0,2,0,0,207
148,1,0,0,0,1,0,3,1,0,224
149,0,0,0,0,0,1,2,0,0,293
150,0,1,0,0,0,0,1,1,0,198
151,0,1,0,0,0,0,3,1,0,212
152,1,0,1,0,0,0,2,1,0,195
153,0,0,0,0,1,0,3,1,0,150
154,0,0,0,0,1,0,1,1,0,190
155,1,0,0,1,0,0,3,1,0,247
156,1,0,0,0,0,1,1,0,0,218
157,0,0,1,0,0,0,3,0,0,180
158,1,0,1,0,0,0,2,1,0,234
159,0,0,0,0,1,0,2,0,0,192
160,0,0,1,0,0,0,2,0,0,234
161,1,0,0,0,0,1,3,0,0,248
162,0,0,1,0,0,0,4,0,0,154
163,0,0,0,1,0,0,1,1,0,154
164,1,0,0,0,0,1,4,1,0,264
165,1,0,0,1,0,0,3,1,0,296
166,0,0,0,1,0,0,1,0,0,155
167,1,0,1,0,0,0,4,0,0,212
168,1,0,1,0,0,0,1,1,0,229
169,1,0,0,1,0,0,3,0,0,212
170,0,1,0,0,0,0,1,1,0,219
171,0,0,0,0,0,1,1,1,0,260
172,1,0,0,0,1,0,3,1,0,246
173,1,0,0,1,0,0,2,1,0,200
174,1,0,0,1,0,0,3,0,0,148
175,1,0,0,1,0,0,4,1,0,259
176,1,0,1,0,0,0,1,0,0,158
177,1,0,0,1,0,0,2,1,0,225
178,1,0,1,0,0,0,4,0,0,184
179,1,0,0,0,1,0,1,1,0,297
180,0,0,0,1,0,0,4,0,0,205
181,1,0,0,1,0,0,3,0,0,176
182,1,0,0,0,0,1,1,1,0,147
183,1,0,0,0,1,0,2,1,0,204
184,0,0,0,1,0,0,1,0,0,146
185,0,0,0,1,0,0,2,0,0,197
186,0,0,0,0,0,1,1,1,0,221
187,0,0,0,0,1,0,1,1,0,196
188,0,0,1,0,0,0,1,0,0,145
189,1,0,0,1,0,0,3,1,0,252
190,1,0,0,0,0,1,2,1,0,200
191,0,0,0,0,1,0,3,1,0,238
192,1,0,1,0,0,0,1,1,0,192
193,0,0,0,0,1,0,3,1,0,201
194,1,0,0,1,0,0,4,1,0,238
195,0,0,0,0,1,0,2,1,0,168
196,0,0,0,1,0,0,1,0,0,193
197,0,0,0,0,0,1,1,0,0,162
198,1,0,1,0,0,0,3,0,0,153
199,1,0,1,0,0,0,3,0,0,233
200,1,0,0,1,0,0,2,1,0,237
201,1,0,0,0,1,0,3,0,0,223
202,0,0,0,1,0,0,2,1,0,215
203,1,0,1,0,0,0,2,1,0,194
204,0,0,0,1,0,0,3,1,0,142
205,0,0,0,0,1,0,1,1,0,223
206,0,0,0,0,0,1,3,1,0,206
207,0,0,0,0,0,1,1,1,0,237
208,1,0,1,0,0,0,3,0,0,231
209,1,0,1,0,0,0,3,0,0,185
210,0,0,0,0,1,0,1,0,0,238
211,0,0,0,1,0,0,3,0,0,90
212,1,0,0,1,0,0,1,0,0,164
213,0,0,0,1,0,0,2,0,0,167
214,0,0,0,0,0,1,1,1,0,259
215,0,0,1,0,0,0,1,1,0,242
216,1,0,0,0,0,1,2,0,0,257
217,1,0,0,1,0,0,1,0,0,115
218,0,0,1,0,0,0,1,0,0,213
219,0,0,1,0,0,0,1,1,0,173
220,1,0,0,0,1,0,1,1,0,198
221,0,0,1,0,0,0,2,1,0,245
222,1,0,0,1,0,0,1,0,0,182
223,0,0,0,0,1,0,1,1,0,241
224,1,0,1,0,0,0,2,1,0,191
225,1,0,0,0,0,1,4,0,0,155
226,1,0,0,1,0,0,3,1,0,215
227,0,0,0,0,1,0,1,1,0,161
228,0,1,0,0,0,0,1,0,0,204
229,1,0,0,1,0,0,3,1,0,277
230,0,0,0,0,1,0,3,1,0,206
231,0,0,0,1,0,0,2,1,0,131
232,1,0,1,0,0,0,3,1,0,236
233,0,0,0,0,0,1,1,1,0,257
234,0,0,0,1,0,0,3,1,0,249
235,0,0,0,0,1,0,2,1,0,232
236,0,0,0,0,1,0,3,0,0,196
237,1,0,0,0,1,0,1,1,0,198
238,0,0,1,0,0,0,3,1,0,157
239,0,0,0,1,0,0,2,1,0,244
240,0,0,0,0,1,0,1,0,0,207
241,1,0,0,0,0,1,3,1,0,246
242,1,0,0,0,1,0,1,1,0,163
243,0,0,0,0,0,1,3,1,0,153
244,0,0,0,0,1,0,1,1,0,218
245,0,0,0,1,0,0,2,1,0,232
246,0,0,0,0,0,1,2,1,0,239
247,1,0,1,0,0,0,1,1,0,196
248,1,0,1,0,0,0,1,1,0,191
249,0,0,0,1,0,0,1,1,0,181
250,0,1,0,0,0,0,1,1,0,145
251,1,0,0,0,1,0,3,0,0,237
252,1,0,1,0,0,0,1,1,0,200
253,0,0,0,0,1,0,4,1,0,232
254,0,0,0,0,1,0,1,1,0,158
255,1,0,0,0,0,1,3,1,0,205
256,1,0,0,1,0,0,2,0,0,205
257,0,0,0,1,0,0,2,1,0,232
258,1,0,1,0,0,0,3,1,0,223
259,1,0,0,1,0,0,4,0,0,227
260,1,0,0,1,0,0,1,0,0,220
261,0,0,0,1,0,0,3,1,0,236
262,1,0,0,1,0,0,1,0,0,145
263,1,0,0,0,0,1,1,1,0,282
264,0,0,0,0,1,0,1,1,0,217
265,0,0,0,0,1,0,1,0,0,142
266,1,0,0,1,0,0,3,1,0,219
267,1,0,0,0,1,0,1,1,0,218
268,1,0,0,0,1,0,2,1,0,275
269,1,0,0,0,0,1,3,0,0,217
270,0,0,0,1,0,0,3,1,0,193
271,0,0,0,1,0,0,3,1,0,149
272,1,0,0,0,1,0,2,0,0,158
273,1,0,0,0,1,0,3,1,0,206
274,0,0,1,0,0,0,3,1,0,249
275,0,0,0,1,0,0,3,1,0,234
276,1,0,0,1,0,0,1,1,0,270
277,1,0,0,0,0,1,1,1,0,197
278,1,0,0,1,0,0,1,0,0,231
279,0,0,1,0,0,0,3,0,0,186
280,0,0,0,0,1,0,1,1,0,147
281,0,0,0,0,1,0,1,1,0,139
282,1,0,0,0,1,0,3,0,0,236
283,1,0,0,0,1,0,3,0,0,226
284,1,0,1,0,0,0,1,1,0,129
285,0,0,1,0,0,0,2,1,0,245
286,0,0,0,0,0,1,2,1,0,267
287,1,0,1,0,0,0,1,1,0,238
288,0,0,1,0,0,0,3,0,0,239
289,0,0,0,0,0,1,1,1,0,230
290,0,0,0,1,0,0,2,1,0,214
291,0,0,0,0,1,0,1,1,0,229
292,0,0,0,1,0,0,1,1,0,180
293,1,0,0,0,0,1,3,1,0,213
294,0,0,0,0,1,0,1,0,0,235
295,0,0,1,0,0,0,2,0,0,189
296,0,1,0,0,0,0,1,1,0,130
297,0,0,0,0,0,1,2,1,0,213
298,0,0,0,1,0,0,1,0,0,136
299,0,0,0,0,1,0,2,0,0,252
300,0,1,0,0,0,0,3,0,0,240
301,0,0,0,0,1,0,1,0,0,162
302,1,0,0,1,0,0,2,1,0,232
303,0,0,1,0,0,0,2,1,0,220
304,1,0,0,1,0,0,2,1,0,232
305,0,1,0,0,0,0,3,1,0,205
306,0,0,0,0,0,1,3,1,0,267
307,0,0,0,1,0,0,1,1,0,147
308,1,0,1,0,0,0,2,0,0,191
309,1,0,0,0,1,0,1,0,0,158
310,1,0,1,0,0,0,2,1,0,229
311,0,0,1,0,0,0,3,1,0,183
312,0,0,0,0,1,0,3,1,0,196
313,1,0,0,1,0,0,2,0,0,204
314,1,0,0,1,0,0,3,1,0,198
315,0,0,0,1,0,0,1,1,0,202
316,1,0,0,0,1,0,4,1,0,250
317,0,0,0,1,0,0,2,1,0,233
318,0,0,1,0,0,0,3,1,0,203
319,1,0,0,0,1,0,2,0,0,184
320,1,0,0,1,0,0,1,0,0,230
321,1,0,0,0,0,1,1,1,0,240
322,1,0,0,1,0,0,3,1,0,232
323,1,0,0,1,0,0,1,0,0,149
324,1,0,0,1,0,0,1,0,0,130
325,1,0,0,1,0,0,3,1,0,266
326,0,0,0,1,0,0,3,1,0,184
327,0,1,0,0,0,0,3,0,0,70
328,0,0,0,1,0,0,2,1,0,234
329,1,0,1,0,0,0,1,1,0,147
330,0,0,0,1,0,0,1,1,0,192
331,0,0,0,1,0,0,2,1,0,119
332,0,0,0,0,0,1,2,1,0,171
333,0,0,1,0,0,0,2,1,0,249
334,1,0,0,1,0,0,3,1,0,271
335,1,0,1,0,0,0,3,0,0,195
336,0,0,0,0,1,0,1,1,0,215
337,0,0,0,1,0,0,2,1,0,143
338,1,0,1,0,0,0,1,0,0,89
339,1,0,0,0,1,0,1,0,0,150
340,0,0,0,1,0,0,1,0,0,171
341,1,0,0,1,0,0,1,1,0,197
342,1,0,1,0,0,0,1,1,0,219
343,0,0,0,0,1,0,2,1,0,206
344,0,0,0,0,1,0,3,1,0,219
345,1,0,0,1,0,0,1,1,0,227
346,0,0,1,0,0,0,3,1,0,180
347,1,0,0,1,0,0,3,1,0,266
348,0,0,0,0,1,0,1,0,0,215
349,0,0,0,0,0,1,2,1,0,237
350,1,0,1,0,0,0,3,1,0,186
351,0,0,0,0,0,1,3,1,0,175
352,1,0,0,1,0,0,3,1,0,221
353,1,0,0,1,0,0,2,1,0,161
354,1,0,0,1,0,0,3,1,0,200
355,1,0,1,0,0,0,3,1,0,203
356,0,1,0,0,0,0,2,1,0,185
357,1,0,0,1,0,0,3,0,0,177
358,0,0,0,0,1,0,3,0,0,182
359,1,0,0,0,1,0,3,1,0,259
360,1,0,1,0,0,0,1,1,0,179
361,0,0,1,0,0,0,1,1,0,247
362,1,0,0,1,0,0,3,1,0,168
363,1,0,0,0,1,0,1,0,0,93
364,0,0,0,1,0,0,3,1,0,177
365,0,1,0,0,0,0,3,0,0,167
366,0,0,0,1,0,0,1,1,0,180
367,0,0,0,1,0,0,3,0,0,188
368,1,1,0,0,0,0,1,0,0,166
369,1,0,0,0,1,0,1,1,0,242
370,0,0,0,0,0,1,3,1,0,232
371,1,0,0,1,0,0,3,0,0,188
372,0,0,0,0,1,0,1,1,0,220
373,1,0,0,0,1,0,3,1,0,275
374,1,0,0,0,1,0,3,1,0,202
375,0,0,0,0,0,1,2,0,0,130
376,1,0,0,0,1,0,1,1,0,252
377,1,0,0,0,1,0,4,0,0,280
378,1,1,0,0,0,0,1,1,0,231
379,0,1,0,0,0,0,3,1,0,192
380,1,0,1,0,0,0,2,1,0,249
381,0,0,0,1,0,0,2,1,0,282
382,0,0,0,1,0,0,4,0,0,231
383,1,0,0,0,0,1,1,0,0,132
384,1,1,0,0,0,0,1,0,0,124
385,1,0,0,0,0,1,3,1,0,218
386,1,0,0,0,0,1,3,1,0,207
387,1,0,0,1,0,0,2,0,0,202
388,1,0,0,0,1,0,1,1,0,190
389,0,0,0,0,1,0,4,1,0,218
390,0,0,0,0,0,1,1,0,0,199
391,1,0,0,0,1,0,3,1,0,222
392,0,0,0,0,0,1,3,1,0,210
393,0,0,0,1,0,0,2,1,0,167
394,1,0,0,1,0,0,1,1,0,216
395,0,1,0,0,0,0,1,0,0,134
396,1,0,1,0,0,0,1,0,0,180
397,1,0,0,1,0,0,2,1,0,269
398,0,0,1,0,0,0,1,1,0,194
399,0,0,0,0,1,0,1,1,0,173
400,1,0,0,1,0,0,1,1,0,180
401,0,1,0,0,0,0,3,1,0,139
402,1,1,0,0,0,0,3,0,0,169
403,1,0,0,0,1,0,1,1,0,287
404,1,0,0,1,0,0,1,1,0,175
405,1,0,0,1,0,0,1,1,0,204
406,0,0,1,0,0,0,2,1,0,193
407,1,0,1,0,0,0,2,1,0,239
408,1,0,0,0,1,0,1,0,0,165
409,0,0,0,0,1,0,2,1,0,256
410,1,0,0,0,1,0,4,1,0,215
411,0,0,0,0,0,1,3,1,0,245
412,0,0,0,0,1,0,2,1,0,197
413,0,0,1,0,0,0,1,1,0,197
414,1,0,0,1,0,0,3,0,0,202
415,0,0,0,0,0,1,1,1,0,226
416,0,0,0,1,0,0,3,1,0,213
417,0,0,0,1,0,0,2,1,0,214
418,0,0,0,0,1,0,3,1,0,189
419,0,0,0,0,0,1,1,0,0,167
420,1,0,0,1,0,0,2,0,0,268
421,1,0,0,0,1,0,1,1,0,179
422,1,0,0,0,1,0,4,0,0,172
423,1,1,0,0,0,0,1,1,0,224
424,0,0,1,0,0,0,3,0,0,114
425,1,0,0,1,0,0,3,0,0,191
426,0,0,0,1,0,0,3,1,0,255
427,0,0,0,1,0,0,1,0,0,205
428,0,1,0,0,0,0,1,0,0,177
429,0,0,0,1,0,0,1,0,0,185
430,0,0,0,1,0,0,2,0,0,189
431,1,0,0,1,0,0,1,1,0,203
432,0,0,0,1,0,0,1,1,0,172
433,1,1,0,0,0,0,1,0,0,156
434,0,0,0,1,0,0,1,1,0,205
435,0,0,0,1,0,0,3,0,0,151
436,0,0,0,0,1,0,2,1,0,207
437,0,0,0,0,1,0,2,0,0,214
438,0,0,0,1,0,0,1,1,0,177
439,0,0,0,0,1,0,1,1,0,259
440,1,0,0,1,0,0,3,1,0,227
441,1,0,0,0,1,0,1,1,0,239
442,1,1,0,0,0,0,1,0,0,201
443,1,0,1,0,0,0,2,1,0,232
444,0,1,0,0,0,0,1,0,0,234
445,1,0,0,1,0,0,1,1,0,218
446,0,0,0,0,1,0,3,0,0,195
447,0,0,0,1,0,0,1,1,0,247
448,0,0,1,0,0,0,1,1,0,135
449,0,0,1,0,0,0,2,1,0,226
450,1,0,0,1,0,0,3,0,0,234
451,1,0,0,0,0,1,3,1,0,289
452,1,0,0,1,0,0,2,0,0,216
453,0,0,0,1,0,0,3,0,0,172
454,1,0,0,1,0,0,2,0,0,176
455,0,0,0,1,0,0,3,0,0,140
456,1,0,0,0,1,0,3,1,0,257
457,0,0,0,0,1,0,2,0,0,155
458,1,0,0,0,0,1,3,1,0,300
459,0,0,1,0,0,0,1,1,0,205
460,0,0,0,1,0,0,3,0,0,166
461,0,0,1,0,0,0,3,0,0,153
462,1,0,0,0,0,1,3,1,0,217
463,1,0,0,1,0,0,3,0,0,258
464,0,1,0,0,0,0,3,1,0,195
465,1,0,0,1,0,0,3,1,0,262
466,1,0,0,0,1,0,2,0,0,95
467,0,1,0,0,0,0,1,0,0,204
468,1,1,0,0,0,0,1,0,0,250
469,0,0,0,1,0,0,3,1,0,241
470,1,0,0,1,0,0,2,1,0,258
471,1,0,0,1,0,0,1,1,0,206
472,1,0,0,1,0,0,2,1,0,238
473,1,0,0,0,1,0,1,1,0,187
474,1,0,1,0,0,0,2,1,0,271
475,1,0,0,0,1,0,3,1,0,230
476,0,0,0,0,0,1,3,1,0,204
477,0,0,0,0,1,0,2,1,0,220
478,1,0,0,0,1,0,4,1,0,189
479,0,0,0,0,0,1,2,1,0,214
480,0,0,1,0,0,0,1,1,0,212
481,1,0,0,0,1,0,2,0,0,167
482,0,0,0,1,0,0,3,0,0,197
483,0,1,0,0,0,0,1,1,0,157
484,1,0,1,0,0,0,2,1,0,155
485,0,0,0,1,0,0,1,1,0,215
486,0,0,0,0,1,0,3,0,0,164
487,1,0,0,1,0,0,2,0,0,209
488,0,0,1,0,0,0,1,1,0,174
489,0,1,0,0,0,0,2,0,0,243
490,1,1,0,0,0,0,2,0,0,226
491,1,0,0,1,0,0,2,1,0,198
492,1,0,0,1,0,0,3,1,0,256
493,1,0,0,1,0,0,3,1,0,259
494,1,0,1,0,0,0,1,1,0,186
495,0,0,0,0,1,0,1,1,0,198
496,1,0,0,1,0,0,3,1,0,154
497,1,0,0,0,1,0,3,0,0,213
498,1,0,1,0,0,0,1,1,0,203
499,0,0,0,0,0,1,3,1,0,219
500,1,0,0,0,1,0,4,1,0,235
501,1,0,1,0,0,0,2,1,0,273
502,0,0,0,1,0,0,3,0,0,178
503,1,0,0,0,0,1,2,1,0,276
504,1,0,0,0,1,0,4,0,0,153
505,1,0,1,0,0,0,1,1,0,244
506,0,1,0,0,0,0,1,1,0,204
507,0,0,1,0,0,0,3,0,0,168
508,0,0,0,1,0,0,4,1,0,234
509,1,0,0,1,0,0,3,1,0,265
510,0,0,0,0,1,0,3,1,0,220
511,0,1,0,0,0,0,1,1,0,157
512,0,0,0,0,1,0,1,0,0,163
513,1,0,1,0,0,0,1,1,0,177
514,1,0,1,0,0,0,4,0,0,268
515,1,0,0,1,0,0,1,1,0,248
516,1,0,0,0,1,0,3,1,0,247
517,1,0,0,0,0,1,3,1,0,213
518,1,0,0,0,1,0,1,1,0,222
519,1,0,1,0,0,0,1,0,0,224
520,0,0,0,0,1,0,3,1,0,172
521,1,0,0,1,0,0,2,1,0,261
522,0,0,0,0,1,0,3,1,0,184
523,0,0,0,1,0,0,4,0,0,163
524,0,0,0,1,0,0,1,1,0,154
525,0,0,0,0,0,1,3,1,0,187
526,0,0,0,1,0,0,1,0,0,177
527,1,0,0,1,0,0,1,0,0,132
528,1,0,0,0,1,0,3,0,0,117
529,1,0,0,1,0,0,2,1,0,206
530,1,0,0,1,0,0,2,1,0,208
531,1,0,0,1,0,0,1,1,0,154
532,0,0,0,0,0,1,2,1,0,181
533,1,0,0,0,0,1,2,1,0,261
534,0,0,1,0,0,0,1,1,0,210
535,1,0,0,1,0,0,3,0,0,232
536,0,0,0,1,0,0,2,1,0,169
537,1,0,0,0,1,0,1,1,0,179
538,0,0,0,0,0,1,3,1,0,222
539,0,1,0,0,0,0,2,1,0,275
540,0,0,0,1,0,0,1,1,0,212
541,0,0,0,0,1,0,2,0,0,241
542,1,0,0,1,0,0,2,1,0,237
543,1,0,0,0,1,0,2,1,0,266
544,1,0,0,0,1,0,4,1,0,193
545,0,0,0,0,0,1,1,0,0,241
546,1,1,0,0,0,0,1,1,0,289
547,0,0,0,1,0,0,1,1,0,203
548,1,0,0,1,0,0,1,0,0,193
549,0,0,0,1,0,0,4,1,0,220
550,0,0,0,1,0,0,1,0,0,220
551,0,0,1,0,0,0,3,0,0,265
552,1,0,1,0,0,0,2,1,0,138
553,0,0,0,0,1,0,3,0,0,203
554,0,0,0,0,0,1,2,1,0,138
555,1,0,0,1,0,0,3,0,0,104
556,1,0,0,1,0,0,2,1,0,206
557,0,0,0,1,0,0,4,0,0,194
558,1,0,1,0,0,0,2,0,0,193
559,0,0,0,0,1,0,1,1,0,201
560,1,0,0,0,1,0,3,1,0,228
561,1,0,0,1,0,0,3,1,0,211
562,0,0,0,1,0,0,3,1,0,278
563,1,0,0,0,1,0,3,0,0,223
564,0,0,1,0,0,0,3,0,0,145
565,0,0,1,0,0,0,2,1,0,136
566,1,0,0,0,0,1,3,0,0,292
567,1,0,0,0,1,0,4,0,0,210
568,0,0,1,0,0,0,1,0,0,158
569,0,0,0,0,1,0,3,0,0,203
570,0,0,1,0,0,0,3,1,0,216
571,0,1,0,0,0,0,3,1,0,279
572,1,0,0,1,0,0,3,1,0,171
573,1,0,0,1,0,0,1,0,0,180
574,1,0,0,0,0,1,1,1,0,226
575,0,1,0,0,0,0,2,0,0,148
576,0,1,0,0,0,0,3,1,0,164
577,1,0,1,0,0,0,1,1,0,261
578,1,0,1,0,0,0,3,0,0,162
579,1,0,0,0,1,0,4,1,0,182
580,1,0,0,0,1,0,1,1,0,274
581,1,0,0,0,0,1,1,1,0,236
582,1,0,0,0,1,0,3,0,0,214
583,1,0,0,0,1,0,2,1,0,228
584,1,0,0,0,1,0,3,1,0,223
585,1,0,0,1,0,0,2,1,0,217
586,1,1,0,0,0,0,1,1,0,201
587,1,0,0,1,0,0,3,0,0,169
588,1,0,0,1,0,0,3,1,0,183
589,1,1,0,0,0,0,1,1,0,179
590,0,0,0,1,0,0,3,0,0,169
591,0,1,0,0,0,0,1,1,0,183
592,0,0,0,0,0,1,3,1,0,200
593,1,0,0,0,0,1,1,1,0,223
594,1,0,0,1,0,0,3,1,0,291
595,1,0,0,1,0,0,3,1,0,207
596,0,0,1,0,0,0,1,0,0,69
597,0,1,0,0,0,0,1,1,0,155
598,1,0,0,0,1,0,1,1,0,219
599,1,0,0,0,1,0,1,1,0,228
600,1,0,0,0,1,0,4,1,0,177
601,1,0,0,1,0,0,1,1,0,88
602,1,0,0,0,0,1,3,1,0,234
603,0,0,0,0,1,0,1,0,0,168
604,0,0,0,0,1,0,4,0,0,263
605,0,0,0,1,0,0,1,1,0,209
606,1,0,0,1,0,0,2,1,0,251
607,1,0,0,1,0,0,4,0,0,152
608,1,0,0,0,0,1,3,1,0,187
609,1,0,1,0,0,0,2,1,0,186
610,0,0,0,0,1,0,3,0,0,192
611,1,0,0,1,0,0,3,1,0,183
612,0,0,0,1,0,0,3,1,0,275
613,1,0,0,1,0,0,2,1,0,216
614,1,1,0,0,0,0,2,1,0,268
615,1,0,0,1,0,0,1,1,0,200
616,1,0,0,0,0,1,3,1,0,120
617,0,0,0,0,1,0,3,1,0,249
618,0,0,0,0,1,0,4,1,0,260
619,0,0,0,1,0,0,2,0,0,206
620,1,0,0,1,0,0,1,0,0,150
621,0,0,1,0,0,0,3,0,0,181
622,0,0,0,1,0,0,1,0,0,161
623,0,1,0,0,0,0,3,1,0,282
624,1,0,0,0,0,1,3,0,0,181
625,0,0,0,0,1,0,3,1,0,296
626,0,0,1,0,0,0,2,0,0,202
627,0,0,0,0,1,0,2,1,0,155
628,0,0,0,0,1,0,3,0,0,152
629,1,0,0,1,0,0,1,1,0,150
630,0,0,0,0,1,0,3,1,0,201
631,0,0,1,0,0,0,1,1,0,204
632,1,0,1,0,0,0,3,1,0,221
633,1,0,0,1,0,0,1,1,0,248
634,0,0,0,0,1,0,1,1,0,248
635,0,1,0,0,0,0,1,1,0,209
636,1,0,1,0,0,0,1,0,0,228
637,1,0,0,0,1,0,1,1,0,260
638,0,0,0,0,0,1,3,1,0,236
639,1,0,0,0,1,0,2,1,0,223
640,0,0,0,0,1,0,1,1,0,144
641,1,0,0,0,1,0,2,0,0,252
642,1,0,1,0,0,0,1,0,0,232
643,1,0,0,0,0,1,1,1,0,233
644,0,0,1,0,0,0,1,1,0,195
645,1,0,1,0,0,0,3,1,0,227
646,1,0,0,0,1,0,2,1,0,194
647,1,0,0,0,0,1,1,0,0,194
648,1,0,1,0,0,0,1,1,0,158
649,1,0,0,0,1,0,3,1,0,229
650,0,0,0,1,0,0,1,0,0,160
651,1,1,0,0,0,0,1,1,0,224
652,1,0,0,0,1,0,3,1,0,269
653,1,1,0,0,0,0,2,1,0,209
654,1,0,1,0,0,0,1,1,0,231
655,1,0,1,0,0,0,3,1,0,196
656,0,0,0,1,0,0,2,0,0,208
657,0,0,0,0,1,0,1,1,0,196
658,1,0,0,0,1,0,2,0,0,161
659,0,0,0,0,1,0,2,1,0,262
660,0,0,0,1,0,0,3,0,0,224
661,0,0,0,1,0,0,1,1,0,202
662,1,0,0,0,1,0,3,0,0,195
663,1,0,0,1,0,0,1,1,0,201
664,0,0,0,0,1,0,2,1,0,206
665,1,0,0,1,0,0,1,0,0,170
666,1,0,0,1,0,0,3,0,0,207
667,1,0,1,0,0,0,3,0,0,249
668,0,0,0,1,0,0,3,1,0,208
669,0,0,0,0,1,0,2,1,0,230
670,1,0,0,1,0,0,1,0,0,210
671,0,0,0,0,1,0,2,0,0,159
672,1,0,0,1,0,0,3,1,0,223
673,1,0,0,1,0,0,2,1,0,233
674,1,0,0,0,1,0,1,1,0,224
675,1,0,1,0,0,0,3,1,0,180
676,1,0,0,0,0,1,3,1,0,227
677,1,0,0,1,0,0,1,1,0,228
678,0,0,0,0,1,0,2,0,0,234
679,0,0,0,0,1,0,3,0,0,184
680,1,0,0,0,1,0,1,1,0,213
681,0,0,1,0,0,0,1,1,0,188
682,0,0,1,0,0,0,1,1,0,171
683,1,0,0,1,0,0,1,0,0,113
684,0,0,1,0,0,0,3,1,0,196
685,1,0,0,0,0,1,4,1,0,293
686,0,0,0,0,0,1,3,1,0,228
687,0,0,0,0,1,0,2,0,0,228
688,0,1,0,0,0,0,1,0,0,155
689,0,0,0,0,0,1,3,0,0,266
690,1,0,0,1,0,0,2,1,0,155
691,1,0,0,0,0,1,2,0,0,227
692,1,0,0,1,0,0,3,0,0,221
693,1,0,0,0,1,0,2,1,0,227
694,1,0,0,1,0,0,1,1,0,168
695,1,0,0,0,1,0,3,0,0,254
696,1,0,0,1,0,0,2,1,0,247
697,1,1,0,0,0,0,3,1,0,201
698,1,0,0,0,1,0,2,1,0,214
699,0,0,0,1,0,0,1,0,0,191
700,1,0,0,0,0,1,3,1,0,242
701,1,0,1,0,0,0,1,1,0,196
702,0,1,0,0,0,0,3,1,0,258
703,1,0,0,0,1,0,3,1,0,194
704,1,0,1,0,0,0,1,0,0,186
705,0,1,0,0,0,0,3,0,0,199
706,0,0,0,0,1,0,1,1,0,116
707,0,0,0,1,0,0,3,1,0,177
708,0,0,0,0,1,0,1,1,0,255
709,1,0,0,0,1,0,2,0,0,161
710,0,0,0,1,0,0,3,1,0,267
711,1,0,0,0,0,1,1,1,0,250
712,1,0,0,0,1,0,3,1,0,297
713,0,0,0,0,1,0,4,1,0,246
714,1,0,1,0,0,0,1,1,0,204
715,1,0,1,0,0,0,2,0,0,257
716,0,0,0,1,0,0,2,1,0,223
717,1,0,0,1,0,0,2,1,0,291
718,1,0,0,1,0,0,1,1,0,226
719,0,0,0,0,0,1,2,0,0,244
720,1,0,0,1,0,0,3,0,0,204
721,0,0,0,0,1,0,1,0,0,173
722,1,0,1,0,0,0,1,0,0,252
723,0,0,0,1,0,0,1,1,0,140
724,0,0,1,0,0,0,3,1,0,131
725,0,0,0,0,0,1,3,1,0,226
726,1,0,0,0,0,1,2,1,0,217
727,0,0,0,0,0,1,1,1,0,176
728,1,0,0,0,1,0,1,0,0,249
729,0,0,0,1,0,0,3,1,0,129
730,1,0,1,0,0,0,2,0,0,225
731,0,1,0,0,0,0,1,0,0,144
732,1,0,0,1,0,0,3,1,0,270
733,0,0,0,0,1,0,1,1,0,146
734,1,0,0,0,0,1,3,0,0,168
735,0,0,0,1,0,0,4,1,0,183
736,0,0,0,1,0,0,2,1,0,255
737,1,0,1,0,0,0,3,0,0,192
738,0,0,0,0,1,0,2,1,0,225
739,0,0,0,1,0,0,1,0,0,176
740,0,0,0,0,1,0,3,1,0,225
741,1,1,0,0,0,0,2,0,0,150
742,1,0,0,1,0,0,1,1,0,247
743,1,0,0,1,0,0,2,1,0,204
744,0,0,1,0,0,0,3,0,0,157
745,0,0,0,0,1,0,2,1,0,225
746,0,0,0,0,1,0,1,1,0,215
747,0,0,0,1,0,0,3,1,0,201
748,1,0,0,1,0,0,3,0,0,169
749,0,0,1,0,0,0,3,1,0,257
750,0,0,0,0,1,0,1,1,0,208
751,0,0,0,0,0,1,3,1,0,205
752,0,0,0,1,0,0,4,0,0,231
753,1,0,0,1,0,0,1,1,0,252
754,0,0,0,1,0,0,2,0,0,166
755,1,0,0,0,0,1,2,1,0,271
756,0,0,0,0,1,0,3,1,0,165
757,0,0,0,0,0,1,3,0,0,210
758,1,0,0,0,1,0,3,0,0,176
759,0,0,1,0,0,0,3,1,0,223
760,1,0,0,1,0,0,1,0,0,189
761,1,0,0,0,1,0,1,1,0,160
762,0,0,0,0,1,0,1,1,0,245
763,1,0,1,0,0,0,1,1,0,187
764,0,0,0,0,1,0,3,1,0,182
765,1,0,1,0,0,0,1,1,0,218
766,1,0,0,1,0,0,1,1,0,210
767,0,0,1,0,0,0,1,1,0,198
768,1,0,0,0,1,0,1,1,0,214
769,0,1,0,0,0,0,3,0,0,175
770,0,0,1,0,0,0,1,1,0,149
771,0,0,0,0,1,0,3,1,0,222
772,1,0,1,0,0,0,1,0,0,191
773,1,0,0,1,0,0,3,0,0,219
774,0,0,1,0,0,0,3,1,0,191
775,1,0,1,0,0,0,1,0,0,162
776,1,0,1,0,0,0,1,1,0,208
777,1,0,0,1,0,0,3,0,0,122
778,1,1,0,0,0,0,3,1,0,233
779,0,0,0,0,0,1,2,1,0,261
780,1,0,0,0,1,0,2,0,0,159
781,1,0,1,0,0,0,4,1,0,251
782,1,0,1,0,0,0,1,0,0,243
783,1,0,0,1,0,0,2,1,0,173
784,0,0,0,1,0,0,3,1,0,251
785,1,0,1,0,0,0,1,1,0,127
786,1,0,0,0,0,1,1,0,0,228
787,1,0,1,0,0,0,3,1,0,89
788,0,0,0,1,0,0,2,0,0,194
789,1,0,0,1,0,0,4,0,0,178
790,1,0,1,0,0,0,1,1,0,170
791,1,0,0,0,1,0,3,0,0,196
792,0,0,0,0,1,0,1,0,0,209
793,0,0,0,0,0,1,1,1,0,250
794,1,0,1,0,0,0,1,1,0,145
795,1,0,0,0,0,1,2,0,0,198
796,0,0,0,0,1,0,1,1,0,210
797,1,0,0,0,0,1,2,0,0,235
798,0,0,0,0,0,1,3,1,0,183
799,1,0,0,1,0,0,2,1,0,164
800,0,0,0,1,0,0,1,1,0,208
801,0,0,0,1,0,0,1,1,0,229
802,1,0,0,0,0,1,2,1,0,276
803,1,0,1,0,0,0,3,1,0,254
804,1,0,0,1,0,0,3,1,0,227
805,0,1,0,0,0,0,3,0,0,230
806,1,0,0,0,1,0,3,0,0,213
807,1,0,0,0,0,1,1,0,0,126
808,0,0,0,1,0,0,1,1,0,234
809,0,0,1,0,0,0,3,1,0,164
810,0,1,0,0,0,0,1,1,0,118
811,0,1,0,0,0,0,1,0,0,141
812,1,0,0,1,0,0,4,1,0,185
813,0,0,0,0,0,1,1,1,0,247
814,1,0,0,1,0,0,1,1,0,235
815,0,0,1,0,0,0,1,1,0,267
816,1,1,0,0,0,0,3,1,0,168
817,0,0,0,0,1,0,3,0,0,207
818,1,0,1,0,0,0,1,0,0,200
819,1,0,0,1,0,0,1,1,0,256
820,1,1,0,0,0,0,1,1,0,267
821,1,0,0,0,1,0,3,0,0,261
822,0,0,0,0,0,1,3,0,0,152
823,1,0,1,0,0,0,1,0,0,240
824,1,0,0,1,0,0,1,0,0,158
825,0,0,0,1,0,0,1,1,0,187
826,1,0,0,1,0,0,2,0,0,194
827,1,0,0,1,0,0,1,1,0,210
828,1,0,0,0,1,0,1,0,0,236
829,0,0,1,0,0,0,1,1,0,175
830,1,1,0,0,0,0,3,0,0,178
831,1,0,0,1,0,0,3,0,0,249
832,0,1,0,0,0,0,3,1,0,182
833,1,0,1,0,0,0,1,1,0,248
834,0,0,1,0,0,0,3,1,0,153
835,1,0,0,1,0,0,1,1,0,198
836,0,0,0,0,0,1,1,1,0,194
837,1,1,0,0,0,0,1,1,0,236
838,0,0,1,0,0,0,2,0,0,168
839,1,0,0,1,0,0,2,1,0,216
840,1,0,0,0,1,0,1,0,0,137
841,0,0,0,1,0,0,1,1,0,173
842,1,0,1,0,0,0,1,0,0,103
843,0,0,1,0,0,0,3,0,0,227
844,1,0,0,0,1,0,1,0,0,169
845,0,0,0,0,0,1,4,1,0,259
846,0,0,0,1,0,0,4,1,0,261
847,0,0,0,0,1,0,1,1,0,168
848,1,0,0,1,0,0,1,1,0,199
849,0,0,0,0,1,0,2,1,0,224
850,0,0,0,1,0,0,4,1,0,205
851,1,1,0,0,0,0,1,1,0,192
852,1,0,0,0,0,1,3,1,0,265
853,0,0,0,0,0,1,1,1,0,210
854,0,0,0,1,0,0,1,1,0,181
855,1,0,1,0,0,0,3,1,0,290
856,0,0,1,0,0,0,3,0,0,208
857,1,0,0,1,0,0,3,1,0,225
858,0,0,1,0,0,0,1,1,0,147
859,0,0,0,1,0,0,2,0,0,232
860,1,0,0,1,0,0,2,1,0,168
861,1,0,0,0,0,1,4,0,0,254
862,0,0,0,0,1,0,3,0,0,119
863,1,0,0,1,0,0,3,1,0,222
864,0,0,0,1,0,0,2,1,0,281
865,0,0,0,0,1,0,3,1,0,252
866,0,0,0,1,0,0,1,0,0,164
867,0,0,1,0,0,0,2,1,0,144
868,0,0,0,0,0,1,2,0,0,224
869,0,0,0,1,0,0,2,0,0,151
870,0,0,1,0,0,0,1,1,0,164
871,1,0,0,1,0,0,3,1,0,218
872,0,0,1,0,0,0,2,1,0,244
873,0,0,0,0,0,1,2,0,0,262
874,1,0,0,1,0,0,3,0,0,166
875,0,0,0,1,0,0,3,0,0,210
876,0,0,0,0,1,0,3,1,0,247
877,0,0,0,1,0,0,1,1,0,172
878,1,0,0,0,1,0,1,1,0,211
879,1,0,0,0,1,0,2,1,0,214
880,0,0,0,1,0,0,3,1,0,193
881,1,0,0,0,0,1,3,1,0,211
882,1,0,1,0,0,0,1,0,0,208
883,0,0,0,0,1,0,3,0,0,145
884,1,0,0,0,0,1,2,1,0,156
885,1,0,0,1,0,0,2,1,0,218
886,1,0,0,0,0,1,2,1,0,288
887,0,0,0,1,0,0,1,0,0,185
888,1,0,0,0,1,0,3,0,0,208
889,0,0,0,0,1,0,1,0,0,143
890,1,0,0,0,0,1,3,1,0,262
891,1,0,0,0,0,1,2,1,0,262
892,1,1,0,0,0,0,4,0,0,190
893,0,0,0,0,1,0,1,1,0,237
894,1,0,0,0,0,1,2,1,0,190
895,1,0,0,0,0,1,1,0,0,104
896,0,0,1,0,0,0,1,0,0,92
897,1,0,1,0,0,0,1,0,0,220
898,0,0,0,0,1,0,2,1,0,184
899,1,0,0,0,1,0,1,1,0,225
900,0,0,0,0,1,0,4,1,0,258
901,1,0,0,1,0,0,4,1,0,225
902,1,1,0,0,0,0,1,0,0,123
903,1,0,0,0,1,0,3,0,0,293
904,1,0,0,0,1,0,1,0,0,235
905,0,0,0,0,1,0,3,1,0,242
906,0,0,1,0,0,0,1,1,0,156
907,1,0,0,0,1,0,3,1,0,254
908,1,0,0,1,0,0,3,0,0,214
909,0,0,0,0,0,1,3,1,0,204
910,0,0,0,0,1,0,3,0,0,140
911,1,1,0,0,0,0,3,1,0,235
912,1,0,0,1,0,0,3,1,0,179
913,1,0,0,1,0,0,3,0,0,175
914,1,0,1,0,0,0,2,0,0,162
915,1,0,0,0,0,1,3,1,0,204
916,0,0,0,0,0,1,3,1,0,300
917,1,0,0,1,0,0,1,1,0,157
918,1,0,0,1,0,0,2,1,0,214
919,0,0,1,0,0,0,3,1,0,278
920,0,0,0,0,1,0,1,0,0,206
921,1,0,0,1,0,0,1,0,0,134
922,0,0,0,0,1,0,1,1,0,204
923,1,0,1,0,0,0,2,0,0,184
924,0,0,0,0,1,0,1,0,0,213
925,0,0,0,0,0,1,1,1,0,198
926,0,0,0,0,0,1,2,0,0,172
927,1,0,0,0,1,0,1,0,0,197
928,0,0,0,0,0,1,2,0,0,133
929,1,0,0,1,0,0,1,0,0,155
930,0,0,0,1,0,0,3,0,0,211
931,0,0,0,0,1,0,3,0,0,181
932,0,0,0,0,1,0,2,0,0,205
933,0,0,0,1,0,0,3,0,0,219
934,0,0,0,1,0,0,2,1,0,275
935,0,0,0,0,1,0,3,0,0,191
936,0,1,0,0,0,0,2,1,0,177
937,1,0,0,0,0,1,1,0,0,172
938,0,0,0,0,1,0,3,1,0,251
939,0,0,0,0,1,0,1,1,0,214
940,0,0,0,1,0,0,4,0,0,210
941,1,0,0,0,1,0,4,1,0,265
942,0,0,0,1,0,0,1,1,0,211
943,0,1,0,0,0,0,1,0,0,184
944,1,0,1,0,0,0,1,1,0,187
945,1,0,0,1,0,0,2,1,0,173
946,0,0,1,0,0,0,1,1,0,244
947,1,0,0,0,1,0,3,0,0,167
948,0,0,1,0,0,0,1,0,0,151
949,1,0,0,0,0,1,1,0,0,205
950,0,0,0,0,0,1,1,1,0,238
951,1,0,0,0,1,0,3,1,0,235
952,1,0,0,0,0,1,1,0,0,220
953,0,0,0,1,0,0,1,1,0,164
954,1,0,0,1,0,0,3,1,0,200
955,0,0,0,0,0,1,2,1,0,191
956,0,0,0,1,0,0,3,1,0,252
957,1,0,0,0,1,0,4,1,0,292
958,1,0,0,0,1,0,1,1,0,167
959,0,0,0,1,0,0,1,1,0,227
960,1,1,0,0,0,0,3,1,0,178
961,1,0,0,0,1,0,1,0,0,155
962,1,0,0,0,0,1,2,1,0,300
963,1,0,0,1,0,0,1,0,0,216
964,0,0,0,0,1,0,3,1,0,187
965,1,0,0,0,1,0,3,1,0,204
966,0,1,0,0,0,0,1,1,0,198
967,0,0,0,1,0,0,3,1,0,186
968,1,0,0,0,0,1,2,1,0,211
969,1,0,1,0,0,0,3,1,0,239
970,1,0,0,0,1,0,3,1,0,289
971,0,0,0,1,0,0,1,1,0,219
972,1,1,0,0,0,0,1,0,0,163
973,1,0,0,0,1,0,3,0,0,175
974,1,1,0,0,0,0,3,1,0,184
975,1,0,0,1,0,0,3,1,0,223
976,0,0,1,0,0,0,3,0,0,182
977,0,0,0,1,0,0,2,1,0,185
978,0,0,0,0,1,0,1,1,0,144
979,1,0,0,1,0,0,2,1,0,280
980,1,0,1,0,0,0,1,0,0,55
981,0,0,0,0,1,0,1,1,0,237
982,0,0,1,0,0,0,1,1,0,250
983,1,1,0,0,0,0,3,1,0,256
984,1,0,0,1,0,0,1,1,0,231
985,0,1,0,0,0,0,1,1,0,162
986,1,0,0,1,0,0,2,1,0,150
987,0,0,0,0,0,1,1,1,0,232
988,1,1,0,0,0,0,1,0,0,134
989,1,0,0,0,1,0,3,0,0,236
990,0,0,0,0,0,1,1,0,0,242
991,1,0,1,0,0,0,1,1,0,225
992,1,0,0,0,1,0,2,0,0,207
993,1,0,0,0,1,0,3,0,0,208
994,0,1,0,0,0,0,1,1,0,188
995,1,0,0,0,0,1,4,1,0,282
996,0,0,0,1,0,0,1,0,0,172
997,1,0,0,1,0,0,1,0,0,195
998,1,0,0,0,1,0,3,1,0,223
999,1,0,0,0,1,0,3,0,0,249
